[
{
    "fields": {
        "username": "rupert",
        "first_name": "Nalgene",
        "last_name": "Botal",
        "is_active": true,
        "is_superuser": false,
        "is_staff": false,
        "last_login": "2015-07-31T17:23:27.565Z",
        "groups": [],
        "user_permissions": [],
        "password": "pbkdf2_sha256$15000$zaL12NJ2Zq7c$7oGfXkAVrkEylMCv4Tbj/JnLIk0R6oepSwwY5HGVTm8=",
        "email": "jmonkey1@mailinator.com",
        "date_joined": "2015-07-31T17:23:27.565Z"
    },
    "model": "auth.user",
    "pk": 1
},
{
    "fields": {
        "username": "haedrian",
        "first_name": "",
        "last_name": "",
        "is_active": true,
        "is_superuser": false,
        "is_staff": false,
        "last_login": "2015-07-31T18:58:53.736Z",
        "groups": [],
        "user_permissions": [],
        "password": "pbkdf2_sha256$15000$yJzoQvC5GhzP$QKZV2dMTyCqjjD5rbdyedD1P9Pp5uxHPdnC8dEG4P3c=",
        "email": "haedrian95@mailinator.com",
        "date_joined": "2015-07-31T18:58:53.736Z"
    },
    "model": "auth.user",
    "pk": 2
},
  {
    "fields": {
        "username": "jamal",
        "first_name": "",
        "last_name": "",
        "is_active": true,
        "is_superuser": false,
        "is_staff": false,
        "last_login": "2015-07-31T18:58:53.736Z",
        "groups": [],
        "user_permissions": [],
        "password": "pbkdf2_sha256$15000$yJzoQvC5GhzP$QKZV2dMTyCqjjD5rbdyedD1P9Pp5uxHPdnC8dEG4P3c=",
        "email": "haedrian9f5@mailinator.com",
        "date_joined": "2015-07-31T18:58:53.736Z"
    },
    "model": "auth.user",
    "pk": 3
},
{
    "fields": {
        "username": "mentors_international",
        "first_name": "",
        "last_name": "",
        "is_active": true,
        "is_superuser": false,
        "is_staff": false,
        "last_login": "2015-07-31T18:59:21.913Z",
        "groups": [],
        "user_permissions": [],
        "password": "pbkdf2_sha256$15000$3If2YF6dNpjj$K6gJtwCmVBTMGVGPptfGkENotLm6Lh0C8HCHTfAQgkY=",
        "email": "haedrian935@mailinator.com",
        "date_joined": "2015-07-31T18:59:21.913Z"
    },
    "model": "auth.user",
    "pk": 4
},
{
    "fields": {
        "username": "david",
        "first_name": "David",
        "last_name": "Test3",
        "is_active": true,
        "is_superuser": false,
        "is_staff": false,
        "last_login": "2015-07-31T21:03:12.616Z",
        "groups": [],
        "user_permissions": [],
        "password": "pbkdf2_sha256$15000$m4zA2OujlKuy$TJVxnzsmRUQjE0X2iwtunx9wyZ6xIDWu//wqOjqifeI=",
        "email": "jmonkey11234@mailinator.com",
        "date_joined": "2015-07-31T21:03:12.616Z"
    },
    "model": "auth.user",
    "pk": 5
},
{
    "fields": {
        "username": "audakel",
        "first_name": "audy",
        "last_name": "Bit",
        "is_active": true,
        "is_superuser": false,
        "is_staff": false,
        "last_login": "2015-07-31T21:03:36.585Z",
        "groups": [],
        "user_permissions": [],
        "password": "pbkdf2_sha256$15000$NAgN0cbOWKC9$956rDKtRi6tP1tH9s7m/vmEJZ79jOLcA4D5BIRoxhd4=",
        "email": "jmonkey11234f@mailinator.com",
        "date_joined": "2015-07-31T21:03:36.585Z"
    },
    "model": "auth.user",
    "pk": 6
},
{
    "fields": {
        "username": "jmonkey21",
        "first_name": "",
        "last_name": "",
        "is_active": true,
        "is_superuser": false,
        "is_staff": false,
        "last_login": "2015-08-07T22:21:14.618Z",
        "groups": [],
        "user_permissions": [],
        "password": "pbkdf2_sha256$15000$nyjUwFx2msA5$HJFuRPNoZ6o8bnCXqShc8fLQ74P1N0FJmAGiFHAPepI=",
        "email": "aquila+jmonkey21@haedrian.io",
        "date_joined": "2015-08-07T22:21:14.618Z"
    },
    "model": "auth.user",
    "pk": 7
},
{
    "fields": {
        "username": "jmonkey212",
        "first_name": "",
        "last_name": "",
        "is_active": true,
        "is_superuser": false,
        "is_staff": false,
        "last_login": "2015-08-07T22:28:47.478Z",
        "groups": [],
        "user_permissions": [],
        "password": "pbkdf2_sha256$20000$vnQpQenqV10l$3RkeNHvAZ0e58zTgxCU7oGt2m8y6PAqhfsABmgsK82c=",
        "email": "aquila+jmonkey212@haedrian.io",
        "date_joined": "2015-08-07T22:28:47.478Z"
    },
    "model": "auth.user",
    "pk": 8
},
  {
    "fields": {
        "username": "jmonkey21122",
        "first_name": "",
        "last_name": "",
        "is_active": true,
        "is_superuser": false,
        "is_staff": false,
        "last_login": "2015-08-07T22:28:47.478Z",
        "groups": [],
        "user_permissions": [],
        "password": "pbkdf2_sha256$20000$vnQpQenqV10l$3RkeNHvAZ0e58zTgxCU7oGt2m8y6PAqhfsABmgsK82c=",
        "email": "aquila+jmonkey212@haedrian.io",
        "date_joined": "2015-08-07T22:28:47.478Z"
    },
    "model": "auth.user",
    "pk": 9
},
{
    "fields": {
        "username": "myhusbandissexy",
        "first_name": "",
        "last_name": "",
        "is_active": true,
        "is_superuser": false,
        "is_staff": false,
        "last_login": "2015-10-05T17:24:42.501Z",
        "groups": [],
        "user_permissions": [],
        "password": "pbkdf2_sha256$15000$2rLxwdD1tupB$n3cLphIAS6yCDRBZYDOaRPbla4alDYqXHvjEjMgQ2Nc=",
        "email": "aquila+myhusbandissexy@haedrian.io",
        "date_joined": "2015-10-05T17:24:42.501Z"
    },
    "model": "auth.user",
    "pk": 10
},
      {
    "fields": {
        "sms_deposit_location": null,
        "application": "test",
        "credit_score": 0,
        "country": "US",
        "app_id": "88",
        "phone": "+14803591948",
        "default_currency": "USD"
    },
    "model": "haedrian.userdata",
    "pk": 1
},


    {
    "fields": {
        "sms_deposit_location": null,
        "application": "test",
        "credit_score": 0,
        "country": "US",
        "app_id": "42",
        "phone": "+14803591948",
        "default_currency": "USD"
    },
    "model": "haedrian.userdata",
    "pk": 2
},
    {
    "fields": {
        "sms_deposit_location": null,
        "application": "test",
        "credit_score": 0,
        "country": "US",
        "app_id": "23",
        "phone": "+14803591948",
        "default_currency": "USD"
    },
    "model": "haedrian.userdata",
    "pk": 3
},
{
    "fields": {
        "sms_deposit_location": null,
        "application": "",
        "credit_score": 0,
        "country": "US",
        "app_id": null,
        "phone": "+14105521258",
        "default_currency": "USD"
    },
    "model": "haedrian.userdata",
    "pk": 4
},
{
    "fields": {
        "sms_deposit_location": null,
        "application": "test",
        "credit_score": 0,
        "country": "US",
        "app_id": "54",
        "phone": "+14105521258",
        "default_currency": "USD"
    },
    "model": "haedrian.userdata",
    "pk": 5
},
{
    "fields": {
        "sms_deposit_location": "bdo_deposit",
        "application": "test",
        "credit_score": 0,
        "country": "US",
        "app_id": "49",
        "phone": "+639420023894",
        "default_currency": "USD"
    },
    "model": "haedrian.userdata",
    "pk": 6
},
{
    "fields": {
        "sms_deposit_location": null,
        "application": "",
        "credit_score": 0,
        "country": "US",
        "app_id": null,
        "phone": "+14105521258",
        "default_currency": "USD"
    },
    "model": "haedrian.userdata",
    "pk": 7
},
{
    "fields": {
        "sms_deposit_location": null,
        "application": "",
        "credit_score": 0,
        "country": "US",
        "app_id": null,
        "phone": "+14105521258",
        "default_currency": "USD"
    },
    "model": "haedrian.userdata",
    "pk": 8
},
{
    "fields": {
        "sms_deposit_location": null,
        "application": "",
        "credit_score": 0,
        "country": "US",
        "app_id": null,
        "phone": "+18016789727",
        "default_currency": "USD"
    },
    "model": "haedrian.userdata",
    "pk": 9
},
{
    "fields": {
        "sms_deposit_location": null,
        "application": "",
        "credit_score": 0,
        "country": "US",
        "app_id": null,
        "phone": "+18013606277",
        "default_currency": "USD"
    },
    "model": "haedrian.userdata",
    "pk": 10
},
  {
    "fields": {
        "size": 7,
        "buy_order_id": "437efe6f36a944dbb04c333cd7619fdb",
        "total_payment": "1.30000000",
        "created": "2015-07-31T18:45:14.679Z",
        "send_confirmed": true,
        "created_by": 1,
        "currency": "USD",
        "group_id": "7",
        "buy_confirmed": true
    },
    "model": "apiv1.verifygroup",
    "pk": 1
},
{
    "fields": {
        "size": 3,
        "buy_order_id": "66daa13fa726490fbf07a9d6826b1725",
        "total_payment": "0.42000000",
        "created": "2015-07-31T21:05:35.616Z",
        "send_confirmed": true,
        "created_by": 1,
        "currency": "USD",
        "group_id": "8",
        "buy_confirmed": true
    },
    "model": "apiv1.verifygroup",
    "pk": 2
},
{
    "fields": {
        "size": 1,
        "buy_order_id": "a4d3d3f94e0b49e9930152c0f2b9dad6",
        "total_payment": "0.41999769",
        "created": "2015-07-31T21:11:13.570Z",
        "send_confirmed": true,
        "created_by": 1,
        "currency": "USD",
        "group_id": null,
        "buy_confirmed": true
    },
    "model": "apiv1.verifygroup",
    "pk": 3
},
{
    "fields": {
        "size": 1,
        "buy_order_id": "a4d3d3f94e0b49e9930152c0f2b9dad6",
        "total_payment": "0.41999769",
        "created": "2015-07-31T21:11:13.963Z",
        "send_confirmed": true,
        "created_by": 1,
        "currency": "USD",
        "group_id": null,
        "buy_confirmed": true
    },
    "model": "apiv1.verifygroup",
    "pk": 4
},
{
    "fields": {
        "size": 3,
        "buy_order_id": "",
        "total_payment": "0.12000000",
        "created": "2015-07-31T21:28:30.623Z",
        "send_confirmed": false,
        "created_by": 1,
        "currency": "USD",
        "group_id": "8",
        "buy_confirmed": false
    },
    "model": "apiv1.verifygroup",
    "pk": 5
},
{
    "fields": {
        "size": 3,
        "buy_order_id": "",
        "total_payment": "0.09000000",
        "created": "2015-07-31T21:28:52.039Z",
        "send_confirmed": false,
        "created_by": 1,
        "currency": "USD",
        "group_id": "8",
        "buy_confirmed": false
    },
    "model": "apiv1.verifygroup",
    "pk": 6
},
{
    "fields": {
        "size": 3,
        "buy_order_id": "",
        "total_payment": "0.15000000",
        "created": "2015-07-31T21:29:52.324Z",
        "send_confirmed": false,
        "created_by": 1,
        "currency": "USD",
        "group_id": "8",
        "buy_confirmed": false
    },
    "model": "apiv1.verifygroup",
    "pk": 7
},
{
    "fields": {
        "size": 3,
        "buy_order_id": "",
        "total_payment": "0.20000000",
        "created": "2015-07-31T21:30:30.033Z",
        "send_confirmed": false,
        "created_by": 1,
        "currency": "USD",
        "group_id": "8",
        "buy_confirmed": false
    },
    "model": "apiv1.verifygroup",
    "pk": 8
},
{
    "fields": {
        "size": 3,
        "buy_order_id": "78d05067b37a41c69ebc53af691dfa95",
        "total_payment": "0.43000000",
        "created": "2015-07-31T21:30:30.033Z",
        "send_confirmed": true,
        "created_by": 1,
        "currency": "USD",
        "group_id": "8",
        "buy_confirmed": true
    },
    "model": "apiv1.verifygroup",
    "pk": 9
},
{
    "fields": {
        "size": 8,
        "buy_order_id": "7e0a4dd755014509885f000c7fdaa788",
        "total_payment": "0.40000000",
        "created": "2015-07-31T21:30:30.033Z",
        "send_confirmed": false,
        "created_by": 1,
        "currency": "USD",
        "group_id": "8",
        "buy_confirmed": true
    },
    "model": "apiv1.verifygroup",
    "pk": 33
},
{
    "fields": {
        "phone": "",
        "mifos_id": "49",
        "group": 1,
        "amount": "0.1000000000",
        "confirmed": false
    },
    "model": "apiv1.verifyperson",
    "pk": 1
},
{
    "fields": {
        "phone": "",
        "mifos_id": "50",
        "group": 1,
        "amount": "0.2000000000",
        "confirmed": false
    },
    "model": "apiv1.verifyperson",
    "pk": 2
},
{
    "fields": {
        "phone": "",
        "mifos_id": "51",
        "group": 1,
        "amount": "0.1000000000",
        "confirmed": false
    },
    "model": "apiv1.verifyperson",
    "pk": 3
},
{
    "fields": {
        "phone": "",
        "mifos_id": "52",
        "group": 1,
        "amount": "0.3000000000",
        "confirmed": false
    },
    "model": "apiv1.verifyperson",
    "pk": 4
},
{
    "fields": {
        "phone": "",
        "mifos_id": "53",
        "group": 1,
        "amount": "0.1000000000",
        "confirmed": false
    },
    "model": "apiv1.verifyperson",
    "pk": 5
},
{
    "fields": {
        "phone": "",
        "mifos_id": "54",
        "group": 1,
        "amount": "0.2000000000",
        "confirmed": false
    },
    "model": "apiv1.verifyperson",
    "pk": 6
},
{
    "fields": {
        "phone": "",
        "mifos_id": "55",
        "group": 1,
        "amount": "0.3000000000",
        "confirmed": false
    },
    "model": "apiv1.verifyperson",
    "pk": 7
},
{
    "fields": {
        "phone": "",
        "mifos_id": "49",
        "group": 2,
        "amount": "0.0200000000",
        "confirmed": false
    },
    "model": "apiv1.verifyperson",
    "pk": 8
},
{
    "fields": {
        "phone": "",
        "mifos_id": "54",
        "group": 2,
        "amount": "0.1000000000",
        "confirmed": false
    },
    "model": "apiv1.verifyperson",
    "pk": 9
},
{
    "fields": {
        "phone": "",
        "mifos_id": "55",
        "group": 2,
        "amount": "0.3000000000",
        "confirmed": false
    },
    "model": "apiv1.verifyperson",
    "pk": 10
},
{
    "fields": {
        "phone": "+14105521258",
        "mifos_id": "55",
        "group": 3,
        "amount": "0.4199976904",
        "confirmed": false
    },
    "model": "apiv1.verifyperson",
    "pk": 11
},
{
    "fields": {
        "phone": "+14105521258",
        "mifos_id": "55",
        "group": 4,
        "amount": "0.4199976904",
        "confirmed": false
    },
    "model": "apiv1.verifyperson",
    "pk": 12
},
{
    "fields": {
        "phone": "",
        "mifos_id": "49",
        "group": 5,
        "amount": "0.0300000000",
        "confirmed": false
    },
    "model": "apiv1.verifyperson",
    "pk": 13
},
{
    "fields": {
        "phone": "",
        "mifos_id": "54",
        "group": 5,
        "amount": "0.0400000000",
        "confirmed": false
    },
    "model": "apiv1.verifyperson",
    "pk": 14
},
{
    "fields": {
        "phone": "",
        "mifos_id": "55",
        "group": 5,
        "amount": "0.0500000000",
        "confirmed": false
    },
    "model": "apiv1.verifyperson",
    "pk": 15
},
{
    "fields": {
        "phone": "",
        "mifos_id": "49",
        "group": 6,
        "amount": "0.0200000000",
        "confirmed": false
    },
    "model": "apiv1.verifyperson",
    "pk": 16
},
{
    "fields": {
        "phone": "",
        "mifos_id": "54",
        "group": 6,
        "amount": "0.0300000000",
        "confirmed": false
    },
    "model": "apiv1.verifyperson",
    "pk": 17
},
{
    "fields": {
        "phone": "",
        "mifos_id": "55",
        "group": 6,
        "amount": "0.0400000000",
        "confirmed": false
    },
    "model": "apiv1.verifyperson",
    "pk": 18
},
{
    "fields": {
        "phone": "",
        "mifos_id": "49",
        "group": 7,
        "amount": "0.0400000000",
        "confirmed": false
    },
    "model": "apiv1.verifyperson",
    "pk": 19
},
{
    "fields": {
        "phone": "",
        "mifos_id": "54",
        "group": 7,
        "amount": "0.0500000000",
        "confirmed": false
    },
    "model": "apiv1.verifyperson",
    "pk": 20
},
{
    "fields": {
        "phone": "",
        "mifos_id": "55",
        "group": 7,
        "amount": "0.0600000000",
        "confirmed": false
    },
    "model": "apiv1.verifyperson",
    "pk": 21
},
{
    "fields": {
        "phone": "",
        "mifos_id": "49",
        "group": 8,
        "amount": "0.0600000000",
        "confirmed": false
    },
    "model": "apiv1.verifyperson",
    "pk": 22
},
{
    "fields": {
        "phone": "",
        "mifos_id": "54",
        "group": 8,
        "amount": "0.0600000000",
        "confirmed": false
    },
    "model": "apiv1.verifyperson",
    "pk": 23
},
{
    "fields": {
        "phone": "",
        "mifos_id": "55",
        "group": 8,
        "amount": "0.0800000000",
        "confirmed": false
    },
    "model": "apiv1.verifyperson",
    "pk": 24
},
{
    "fields": {
        "phone": "",
        "mifos_id": "49",
        "group": 9,
        "amount": "0.1000000000",
        "confirmed": false
    },
    "model": "apiv1.verifyperson",
    "pk": 25
},
{
    "fields": {
        "phone": "",
        "mifos_id": "54",
        "group": 9,
        "amount": "0.1400000000",
        "confirmed": false
    },
    "model": "apiv1.verifyperson",
    "pk": 26
},
{
    "fields": {
        "phone": "",
        "mifos_id": "55",
        "group": 9,
        "amount": "0.1900000000",
        "confirmed": false
    },
    "model": "apiv1.verifyperson",
    "pk": 27
},
{
    "fields": {
        "phone": "+14105521258",
        "mifos_id": "55",
        "group": 9,
        "amount": "0.1399982890",
        "confirmed": false
    },
    "model": "apiv1.verifyperson",
    "pk": 28
},
{
    "fields": {
        "provider_wallet_id": "0b52aa0ebec24aff87319a489d9e0913",
        "access_token": "IGuFPMMEA5fgs6Z1pki8m6DksKAhMS",
        "expires_at": "2015-10-21T15:59:04Z",
        "currency": "BTC",
        "user": 1,
        "type": "CH",
        "refresh_token": "CW8y5Vkk6tVsT8A9cHEnZ8msFR9e0Z",
        "blockchain_address": "32cV4NtY2JRdFTB1F5FZnyrLDRJoeNs314"
    },
    "model": "haedrian.wallet",
    "pk": 1
},
{
    "fields": {
        "provider_wallet_id": "0cc468196bfe4f51a15f2f65b98d239c",
        "access_token": "IGuFPMMEA5fgs6Z1pki8m6DksKAhMS",
        "expires_at": "2015-10-21T15:59:04Z",
        "currency": "PHP",
        "user": 1,
        "type": "CH",
        "refresh_token": "CW8y5Vkk6tVsT8A9cHEnZ8msFR9e0Z",
        "blockchain_address": "3ER1jKm2ptnjRaHWB5Uaq8XhhVizDnBugR"
    },
    "model": "haedrian.wallet",
    "pk": 2
},
{
    "fields": {
        "provider_wallet_id": "ecf59c7d01074aab98fbcda633c1f377",
        "access_token": "mAppWlRxYxGTL2vxOgSUTin1PvmBNf",
        "expires_at": "2015-10-21T15:59:05Z",
        "currency": "BTC",
        "user": 2,
        "type": "CH",
        "refresh_token": "cqPoELrpw0xjGrmIH5Sqf9Nr3kDnyH",
        "blockchain_address": "368bM5B3q9qofkTNmWYmTrwZFHac8RHSGx"
    },
    "model": "haedrian.wallet",
    "pk": 3
},
{
    "fields": {
        "provider_wallet_id": "3af2d6b6d34442329d4dd1c97492343d",
        "access_token": "mAppWlRxYxGTL2vxOgSUTin1PvmBNf",
        "expires_at": "2015-10-21T15:59:05Z",
        "currency": "PHP",
        "user": 2,
        "type": "CH",
        "refresh_token": "cqPoELrpw0xjGrmIH5Sqf9Nr3kDnyH",
        "blockchain_address": "9ff11fb33cd040c7b7e9f4037fd9bb5a"
    },
    "model": "haedrian.wallet",
    "pk": 4
},
{
    "fields": {
        "provider_wallet_id": "1898fd3adf7d49079e85ab6d0fbb0ee7",
        "access_token": "nSHHZaNlR7Jx4KtWFUbPMofXcattDp",
        "expires_at": "2015-10-21T15:59:07Z",
        "currency": "BTC",
        "user": 3,
        "type": "CH",
        "refresh_token": "hOzNia6JJvUZQiGOpQWxFUiWAaevYK",
        "blockchain_address": "3GVTXZQHKazpMz72SVzKecWC5ewybJrHEf"
    },
    "model": "haedrian.wallet",
    "pk": 5
},
{
    "fields": {
        "provider_wallet_id": "e486e3754a7a46dba415ca17125b6ac2",
        "access_token": "nSHHZaNlR7Jx4KtWFUbPMofXcattDp",
        "expires_at": "2015-10-21T15:59:07Z",
        "currency": "PHP",
        "user": 3,
        "type": "CH",
        "refresh_token": "hOzNia6JJvUZQiGOpQWxFUiWAaevYK",
        "blockchain_address": "8da9ed9040444795bb777bf800971295"
    },
    "model": "haedrian.wallet",
    "pk": 6
},
{
    "fields": {
        "provider_wallet_id": "97420b00ef7d4b16a31b6944e2ab6ac4",
        "access_token": "VpGsycns1w0MieSvSBJIrbMNEpyiDT",
        "expires_at": "2015-10-21T15:59:08Z",
        "currency": "BTC",
        "user": 4,
        "type": "CH",
        "refresh_token": "1QAAfsCPIBERm8tEIskJcABzgbWvZa",
        "blockchain_address": "3P2BN7c5ckWp8wqPFkCmzTrtTYhN43gopE"
    },
    "model": "haedrian.wallet",
    "pk": 7
},
{
    "fields": {
        "provider_wallet_id": "0ad1e4cd016f4292804be58cf510609c",
        "access_token": "VpGsycns1w0MieSvSBJIrbMNEpyiDT",
        "expires_at": "2015-10-21T15:59:08Z",
        "currency": "PHP",
        "user": 4,
        "type": "CH",
        "refresh_token": "1QAAfsCPIBERm8tEIskJcABzgbWvZa",
        "blockchain_address": "b0a05031f887481da4213f8b95d41af0"
    },
    "model": "haedrian.wallet",
    "pk": 9
},
{
    "fields": {
        "provider_wallet_id": "97bb0f2180a24b0ea9ff2f095de594f3",
        "access_token": "XxwHkFcROxNK02amVa8FCQfydZ0daA",
        "expires_at": "2015-10-21T15:59:09Z",
        "currency": "BTC",
        "user": 5,
        "type": "CH",
        "refresh_token": "3LYDe1YmDptoD0ANmgbqQXgsa0t5V6",
        "blockchain_address": "3PJQaNDmzpMVXZ1kx3sKNZrtanAhNPTpeM"
    },
    "model": "haedrian.wallet",
    "pk": 10
},
{
    "fields": {
        "provider_wallet_id": "8d85a771778341ad98823d2437c58dbb",
        "access_token": "XxwHkFcROxNK02amVa8FCQfydZ0daA",
        "expires_at": "2015-10-21T15:59:09Z",
        "currency": "PHP",
        "user": 5,
        "type": "CH",
        "refresh_token": "3LYDe1YmDptoD0ANmgbqQXgsa0t5V6",
        "blockchain_address": "fab6ec525f6b4f6b988194b3b974e04d"
    },
    "model": "haedrian.wallet",
    "pk": 11
},
{
    "fields": {
        "provider_wallet_id": "e29ffedc30fa4471b9305ba09aa4f1e1",
        "access_token": "vLECRLyaFehVlHJ1oWImIDUgIKLHRM",
        "expires_at": "2015-10-21T15:59:10Z",
        "currency": "BTC",
        "user": 6,
        "type": "CH",
        "refresh_token": "6l774my5qzHHQUwEsAwYPljhD12XZU",
        "blockchain_address": "3PVzZZzbW2WtgXbfTY7xNFtsHruFnojjLx"
    },
    "model": "haedrian.wallet",
    "pk": 13
},
{
    "fields": {
        "provider_wallet_id": "56e64a424a084a8687ebe35dab262c21",
        "access_token": "vLECRLyaFehVlHJ1oWImIDUgIKLHRM",
        "expires_at": "2015-10-21T15:59:10Z",
        "currency": "PHP",
        "user": 6,
        "type": "CH",
        "refresh_token": "6l774my5qzHHQUwEsAwYPljhD12XZU",
        "blockchain_address": "65565ea144704652afbacf7a011fe668"
    },
    "model": "haedrian.wallet",
    "pk": 14
},
{
    "fields": {
        "provider_wallet_id": "ed928c4b91884a9b85c08417fc5455fc",
        "access_token": "wyaWnnKOxLJNjd14qoRH9HwfrQDNTh",
        "expires_at": "2015-10-21T15:59:11Z",
        "currency": "BTC",
        "user": 7,
        "type": "CH",
        "refresh_token": "flgjxVBZUiv89MUr2HFL3YHY1ut8d0",
        "blockchain_address": "3DZPbdzkvd5Jnjm4xwKF2eZpquLB9E6A1B"
    },
    "model": "haedrian.wallet",
    "pk": 15
},
{
    "fields": {
        "provider_wallet_id": "a5710e0310e648c9b93a83678324959f",
        "access_token": "wyaWnnKOxLJNjd14qoRH9HwfrQDNTh",
        "expires_at": "2015-10-21T15:59:11Z",
        "currency": "PHP",
        "user": 7,
        "type": "CH",
        "refresh_token": "flgjxVBZUiv89MUr2HFL3YHY1ut8d0",
        "blockchain_address": "7fcb2d1494a94bf5ae5af4a5f4b480ad"
    },
    "model": "haedrian.wallet",
    "pk": 16
},
{
    "fields": {
        "provider_wallet_id": "",
        "access_token": "",
        "expires_at": "1970-01-01T00:00:00Z",
        "currency": "BTC",
        "user": 8,
        "type": "CH",
        "refresh_token": "",
        "blockchain_address": "3FBrMSNm3SwAZRUbCMJdHSdNyNm2Ya6FMS"
    },
    "model": "haedrian.wallet",
    "pk": 17
},
{
    "fields": {
        "provider_wallet_id": "4c50a9ee7cd34539a7cb61a3aaa3f128",
        "access_token": "",
        "expires_at": "1970-01-01T00:00:00Z",
        "currency": "BTC",
        "user": 8,
        "type": "CH",
        "refresh_token": "",
        "blockchain_address": ""
    },
    "model": "haedrian.wallet",
    "pk": 18
},
{
    "fields": {
        "provider_wallet_id": "",
        "access_token": "",
        "expires_at": "1970-01-01T00:00:00Z",
        "currency": "BTC",
        "user": 9,
        "type": "CH",
        "refresh_token": "",
        "blockchain_address": ""
    },
    "model": "haedrian.wallet",
    "pk": 19
},
{
    "fields": {
        "provider_wallet_id": "46d01573353946c683263b0532cbb686",
        "access_token": "6hYQLJy35211KaPkOhss1d1NYlzcWx",
        "expires_at": "2015-10-11T19:02:28Z",
        "currency": "BTC",
        "user": 9,
        "type": "CH",
        "refresh_token": "1d3y8uzXrZ1RqVKK3QBWYK42jVPR82",
        "blockchain_address": "36G2di43fwEFR7vnbpTP3vWiTSGdMpXrk7"
    },
    "model": "haedrian.wallet",
    "pk": 23
},
{
    "fields": {
        "provider_wallet_id": "46d01573353946c683263b0532cbb686",
        "access_token": "6hYQLJy35211KaPkOhss1d1NYlzcWx",
        "expires_at": "2015-10-11T19:02:28Z",
        "currency": "PHP",
        "user": 10,
        "type": "CH",
        "refresh_token": "1d3y8uzXrZ1RqVKK3QBWYK42jVPR82",
        "blockchain_address": "324dLHcA7Z2E625fUfTXyexUwPdcteh6hW"
    },
    "model": "haedrian.wallet",
    "pk": 33
},
{
    "fields": {
        "provider_wallet_id": "c03c1f8ef434426b8e6fb83f022a51f0",
        "access_token": "zKIHFF1HKIe6OlsHYe7Iivnyk3JNSm",
        "expires_at": "2015-10-11T19:22:49Z",
        "currency": "BTC",
        "user": 10,
        "type": "CH",
        "refresh_token": "acp6oBLXUrrYc0d27332RPG0W0g20t",
        "blockchain_address": "3GZ2cHpWJR8UEFjQr2zdoKq18sozDdRPtm"
    },
    "model": "haedrian.wallet",
    "pk": 34
},
{
    "fields": {
        "amount_local_currency": "USD",
        "group": 1,
        "sender": 1,
        "date_modified": "2015-07-31T19:03:07.278Z",
        "amount_btc_currency": "BTC",
        "sent_payment_id": "aadbce7458cb4f71b3aca09fdcdcaa24",
        "mifos_confirmed": true,
        "amount_btc": "0.0046043777006446",
        "receiver": 4,
        "amount_local": "1.3000000000000000",
        "type": "Re",
        "payment_confirmed": true
    },
    "model": "haedrian.transaction",
    "pk": 1
},
{
    "fields": {
        "amount_local_currency": "USD",
        "group": 2,
        "sender": 1,
        "date_modified": "2015-07-31T21:06:56.982Z",
        "amount_btc_currency": "BTC",
        "sent_payment_id": "a4d3d3f94e0b49e9930152c0f2b9dad6",
        "mifos_confirmed": true,
        "amount_btc": "0.0014875681802083",
        "receiver": 4,
        "amount_local": "0.4200000000000000",
        "type": "Re",
        "payment_confirmed": true
    },
    "model": "haedrian.transaction",
    "pk": 2
},
{
    "fields": {
        "amount_local_currency": "USD",
        "group": 2,
        "sender": 6,
        "date_modified": "2015-07-31T21:11:09.483Z",
        "amount_btc_currency": "BTC",
        "sent_payment_id": "a4d3d3f94e0b49e9930152c0f2b9dad6",
        "mifos_confirmed": true,
        "amount_btc": "0.0000708365800099",
        "receiver": 4,
        "amount_local": "0.0200000000000000",
        "type": "Re",
        "payment_confirmed": false
    },
    "model": "haedrian.transaction",
    "pk": 3
},
{
    "fields": {
        "amount_local_currency": "USD",
        "group": 2,
        "sender": 6,
        "date_modified": "2015-07-31T21:11:10.160Z",
        "amount_btc_currency": "BTC",
        "sent_payment_id": "a4d3d3f94e0b49e9930152c0f2b9dad6",
        "mifos_confirmed": true,
        "amount_btc": "0.0000708365800099",
        "receiver": 4,
        "amount_local": "0.0200000000000000",
        "type": "Re",
        "payment_confirmed": false
    },
    "model": "haedrian.transaction",
    "pk": 4
},
{
    "fields": {
        "amount_local_currency": "USD",
        "group": 2,
        "sender": 5,
        "date_modified": "2015-07-31T21:11:10.758Z",
        "amount_btc_currency": "BTC",
        "sent_payment_id": "a4d3d3f94e0b49e9930152c0f2b9dad6",
        "mifos_confirmed": true,
        "amount_btc": "0.0003541829000496",
        "receiver": 4,
        "amount_local": "0.1000000000000000",
        "type": "Re",
        "payment_confirmed": false
    },
    "model": "haedrian.transaction",
    "pk": 5
},
{
    "fields": {
        "amount_local_currency": "USD",
        "group": 2,
        "sender": 5,
        "date_modified": "2015-07-31T21:11:11.459Z",
        "amount_btc_currency": "BTC",
        "sent_payment_id": "a4d3d3f94e0b49e9930152c0f2b9dad6",
        "mifos_confirmed": true,
        "amount_btc": "0.0003541829000496",
        "receiver": 4,
        "amount_local": "0.1000000000000000",
        "type": "Re",
        "payment_confirmed": false
    },
    "model": "haedrian.transaction",
    "pk": 6
},
{
    "fields": {
        "amount_local_currency": "USD",
        "group": 2,
        "sender": 1,
        "date_modified": "2015-07-31T21:11:12.018Z",
        "amount_btc_currency": "BTC",
        "sent_payment_id": "a4d3d3f94e0b49e9930152c0f2b9dad6",
        "mifos_confirmed": true,
        "amount_btc": "0.0010625487001488",
        "receiver": 4,
        "amount_local": "0.3000000000000000",
        "type": "Re",
        "payment_confirmed": false
    },
    "model": "haedrian.transaction",
    "pk": 7
},
{
    "fields": {
        "amount_local_currency": "USD",
        "group": 2,
        "sender": 1,
        "date_modified": "2015-07-31T21:11:12.620Z",
        "amount_btc_currency": "BTC",
        "sent_payment_id": "a4d3d3f94e0b49e9930152c0f2b9dad6",
        "mifos_confirmed": true,
        "amount_btc": "0.0010625487001488",
        "receiver": 4,
        "amount_local": "0.3000000000000000",
        "type": "Re",
        "payment_confirmed": false
    },
    "model": "haedrian.transaction",
    "pk": 8
},
{
    "fields": {
        "amount_local_currency": "USD",
        "group": 9,
        "sender": 1,
        "date_modified": "2015-07-31T21:33:08.638Z",
        "amount_btc_currency": "BTC",
        "sent_payment_id": "fbabe30ec6434ba4b6db22b3a584f64d",
        "mifos_confirmed": true,
        "amount_btc": "0.0015229864702132",
        "receiver": 4,
        "amount_local": "0.4300000000000000",
        "type": "Re",
        "payment_confirmed": true
    },
    "model": "haedrian.transaction",
    "pk": 9
},
{
    "fields": {
        "amount_local_currency": "USD",
        "group": 9,
        "sender": 6,
        "date_modified": "2015-07-31T21:39:29.920Z",
        "amount_btc_currency": "BTC",
        "sent_payment_id": "fbabe30ec6434ba4b6db22b3a584f64d",
        "mifos_confirmed": true,
        "amount_btc": "0.0003541829000496",
        "receiver": 4,
        "amount_local": "0.1000000000000000",
        "type": "Re",
        "payment_confirmed": false
    },
    "model": "haedrian.transaction",
    "pk": 10
},
{
    "fields": {
        "amount_local_currency": "USD",
        "group": 9,
        "sender": 5,
        "date_modified": "2015-07-31T21:41:28.582Z",
        "amount_btc_currency": "BTC",
        "sent_payment_id": "fbabe30ec6434ba4b6db22b3a584f64d",
        "mifos_confirmed": true,
        "amount_btc": "0.0004958560600694",
        "receiver": 4,
        "amount_local": "0.1400000000000000",
        "type": "Re",
        "payment_confirmed": false
    },
    "model": "haedrian.transaction",
    "pk": 11
},
{
    "fields": {
        "amount_local_currency": "USD",
        "group": 9,
        "sender": 1,
        "date_modified": "2015-07-31T21:42:31.816Z",
        "amount_btc_currency": "BTC",
        "sent_payment_id": "fbabe30ec6434ba4b6db22b3a584f64d",
        "mifos_confirmed": true,
        "amount_btc": "0.0006729475100942",
        "receiver": 4,
        "amount_local": "0.1900000000000000",
        "type": "Re",
        "payment_confirmed": false
    },
    "model": "haedrian.transaction",
    "pk": 12
},
{
    "fields": {
        "amount_local_currency": "USD",
        "group": 9,
        "sender": 6,
        "date_modified": "2015-07-31T21:59:28.095Z",
        "amount_btc_currency": "BTC",
        "sent_payment_id": "fbabe30ec6434ba4b6db22b3a584f64d",
        "mifos_confirmed": true,
        "amount_btc": "0.0003541829000496",
        "receiver": 4,
        "amount_local": "0.1000000000000000",
        "type": "Re",
        "payment_confirmed": false
    },
    "model": "haedrian.transaction",
    "pk": 13
},
{
    "fields": {
        "amount_local_currency": "USD",
        "group": 9,
        "sender": 5,
        "date_modified": "2015-07-31T21:59:29.821Z",
        "amount_btc_currency": "BTC",
        "sent_payment_id": "fbabe30ec6434ba4b6db22b3a584f64d",
        "mifos_confirmed": true,
        "amount_btc": "0.0004958560600694",
        "receiver": 4,
        "amount_local": "0.1400000000000000",
        "type": "Re",
        "payment_confirmed": false
    },
    "model": "haedrian.transaction",
    "pk": 14
},
{
    "fields": {
        "amount_local_currency": "USD",
        "group": 9,
        "sender": 1,
        "date_modified": "2015-07-31T21:59:31.295Z",
        "amount_btc_currency": "BTC",
        "sent_payment_id": "fbabe30ec6434ba4b6db22b3a584f64d",
        "mifos_confirmed": true,
        "amount_btc": "0.0006729475100942",
        "receiver": 4,
        "amount_local": "0.1900000000000000",
        "type": "Re",
        "payment_confirmed": false
    },
    "model": "haedrian.transaction",
    "pk": 15
},
{
    "fields": {
        "amount_local_currency": "USD",
        "group": 9,
        "sender": 6,
        "date_modified": "2015-08-05T16:16:57.555Z",
        "amount_btc_currency": "BTC",
        "sent_payment_id": "fbabe30ec6434ba4b6db22b3a584f64d",
        "mifos_confirmed": true,
        "amount_btc": "0.0003541829000496",
        "receiver": 4,
        "amount_local": "0.1000000000000000",
        "type": "Re",
        "payment_confirmed": false
    },
    "model": "haedrian.transaction",
    "pk": 16
},
{
    "fields": {
        "amount_local_currency": "USD",
        "group": 9,
        "sender": 5,
        "date_modified": "2015-08-05T16:16:58.933Z",
        "amount_btc_currency": "BTC",
        "sent_payment_id": "fbabe30ec6434ba4b6db22b3a584f64d",
        "mifos_confirmed": true,
        "amount_btc": "0.0004958560600694",
        "receiver": 4,
        "amount_local": "0.1400000000000000",
        "type": "Re",
        "payment_confirmed": false
    },
    "model": "haedrian.transaction",
    "pk": 17
},
{
    "fields": {
        "amount_local_currency": "USD",
        "group": 9,
        "sender": 1,
        "date_modified": "2015-08-05T16:17:00.327Z",
        "amount_btc_currency": "BTC",
        "sent_payment_id": "fbabe30ec6434ba4b6db22b3a584f64d",
        "mifos_confirmed": true,
        "amount_btc": "0.0006729475100942",
        "receiver": 4,
        "amount_local": "0.1900000000000000",
        "type": "Re",
        "payment_confirmed": false
    },
    "model": "haedrian.transaction",
    "pk": 18
},
{
    "fields": {
        "amount_local_currency": "USD",
        "group": 9,
        "sender": 6,
        "date_modified": "2015-08-05T16:17:04.205Z",
        "amount_btc_currency": "BTC",
        "sent_payment_id": "fbabe30ec6434ba4b6db22b3a584f64d",
        "mifos_confirmed": true,
        "amount_btc": "0.0003541829000496",
        "receiver": 4,
        "amount_local": "0.1000000000000000",
        "type": "Re",
        "payment_confirmed": false
    },
    "model": "haedrian.transaction",
    "pk": 19
},
{
    "fields": {
        "amount_local_currency": "USD",
        "group": 9,
        "sender": 5,
        "date_modified": "2015-08-05T16:17:05.538Z",
        "amount_btc_currency": "BTC",
        "sent_payment_id": "fbabe30ec6434ba4b6db22b3a584f64d",
        "mifos_confirmed": true,
        "amount_btc": "0.0004958560600694",
        "receiver": 4,
        "amount_local": "0.1400000000000000",
        "type": "Re",
        "payment_confirmed": false
    },
    "model": "haedrian.transaction",
    "pk": 20
},
{
    "fields": {
        "amount_local_currency": "USD",
        "group": 9,
        "sender": 1,
        "date_modified": "2015-08-05T16:17:06.708Z",
        "amount_btc_currency": "BTC",
        "sent_payment_id": "fbabe30ec6434ba4b6db22b3a584f64d",
        "mifos_confirmed": true,
        "amount_btc": "0.0006729475100942",
        "receiver": 4,
        "amount_local": "0.1900000000000000",
        "type": "Re",
        "payment_confirmed": false
    },
    "model": "haedrian.transaction",
    "pk": 21
},
{
    "fields": {
        "amount_local_currency": "USD",
        "group": 9,
        "sender": 6,
        "date_modified": "2015-08-05T16:23:56.457Z",
        "amount_btc_currency": "BTC",
        "sent_payment_id": "fbabe30ec6434ba4b6db22b3a584f64d",
        "mifos_confirmed": true,
        "amount_btc": "0.0003541829000496",
        "receiver": 4,
        "amount_local": "0.1000000000000000",
        "type": "Re",
        "payment_confirmed": false
    },
    "model": "haedrian.transaction",
    "pk": 22
},
{
    "fields": {
        "amount_local_currency": "USD",
        "group": 9,
        "sender": 5,
        "date_modified": "2015-08-05T16:23:58.255Z",
        "amount_btc_currency": "BTC",
        "sent_payment_id": "fbabe30ec6434ba4b6db22b3a584f64d",
        "mifos_confirmed": true,
        "amount_btc": "0.0004958560600694",
        "receiver": 4,
        "amount_local": "0.1400000000000000",
        "type": "Re",
        "payment_confirmed": false
    },
    "model": "haedrian.transaction",
    "pk": 23
},
{
    "fields": {
        "amount_local_currency": "USD",
        "group": 9,
        "sender": 1,
        "date_modified": "2015-08-05T16:23:59.823Z",
        "amount_btc_currency": "BTC",
        "sent_payment_id": "fbabe30ec6434ba4b6db22b3a584f64d",
        "mifos_confirmed": true,
        "amount_btc": "0.0006729475100942",
        "receiver": 4,
        "amount_local": "0.1900000000000000",
        "type": "Re",
        "payment_confirmed": false
    },
    "model": "haedrian.transaction",
    "pk": 24
},
{
    "fields": {
        "amount_local_currency": "USD",
        "group": 9,
        "sender": 6,
        "date_modified": "2015-08-05T16:34:43.848Z",
        "amount_btc_currency": "BTC",
        "sent_payment_id": "fbabe30ec6434ba4b6db22b3a584f64d",
        "mifos_confirmed": true,
        "amount_btc": "0.0003541829000496",
        "receiver": 4,
        "amount_local": "0.1000000000000000",
        "type": "Re",
        "payment_confirmed": false
    },
    "model": "haedrian.transaction",
    "pk": 25
},
{
    "fields": {
        "amount_local_currency": "USD",
        "group": 9,
        "sender": 6,
        "date_modified": "2015-08-05T16:34:44.469Z",
        "amount_btc_currency": "BTC",
        "sent_payment_id": "fbabe30ec6434ba4b6db22b3a584f64d",
        "mifos_confirmed": true,
        "amount_btc": "0.0003541829000496",
        "receiver": 4,
        "amount_local": "0.1000000000000000",
        "type": "Re",
        "payment_confirmed": false
    },
    "model": "haedrian.transaction",
    "pk": 26
},
{
    "fields": {
        "amount_local_currency": "USD",
        "group": 9,
        "sender": 5,
        "date_modified": "2015-08-05T16:36:41.505Z",
        "amount_btc_currency": "BTC",
        "sent_payment_id": "fbabe30ec6434ba4b6db22b3a584f64d",
        "mifos_confirmed": true,
        "amount_btc": "0.0004958560600694",
        "receiver": 4,
        "amount_local": "0.1400000000000000",
        "type": "Re",
        "payment_confirmed": false
    },
    "model": "haedrian.transaction",
    "pk": 27
},
{
    "fields": {
        "amount_local_currency": "USD",
        "group": 3,
        "sender": 5,
        "date_modified": "2015-08-05T16:36:42.082Z",
        "amount_btc_currency": "BTC",
        "sent_payment_id": "fbabe30ec6434ba4b6db22b3a584f64d",
        "mifos_confirmed": true,
        "amount_btc": "0.0004958560600694",
        "receiver": 4,
        "amount_local": "0.1400000000000000",
        "type": "Re",
        "payment_confirmed": false
    },
    "model": "haedrian.transaction",
    "pk": 28
},
{
    "fields": {
        "amount_local_currency": "USD",
        "group": null,
        "sender": 1,
        "date_modified": "2015-08-05T20:51:29.724Z",
        "amount_btc_currency": "BTC",
        "sent_payment_id": "e7e39554adac41e19af87430d8f4a65b",
        "mifos_confirmed": true,
        "amount_btc": "0.0004958560600694",
        "receiver": 4,
        "amount_local": "15.0000000000000000",
        "type": "Re",
        "payment_confirmed": true
    },
    "model": "haedrian.transaction",
    "pk": 60
},
{
    "fields": {
        "amount_local_currency": "USD",
        "group": 33,
        "sender": 1,
        "date_modified": "2015-08-06T23:27:03.516Z",
        "amount_btc_currency": "BTC",
        "sent_payment_id": "0d75b60dd5194b7588f5117b1d9bf81b",
        "mifos_confirmed": true,
        "amount_btc": "0.0014167316001983",
        "receiver": 4,
        "amount_local": "0.4000000000000000",
        "type": "Re",
        "payment_confirmed": true
    },
    "model": "haedrian.transaction",
    "pk": 61
},
{
    "fields": {
        "amount_local_currency": "USD",
        "group": 33,
        "sender": 6,
        "date_modified": "2015-08-06T23:35:56.149Z",
        "amount_btc_currency": "BTC",
        "sent_payment_id": "0d75b60dd5194b7588f5117b1d9bf81b",
        "mifos_confirmed": true,
        "amount_btc": "0.0354182900049586",
        "receiver": 4,
        "amount_local": "10.0000000000000000",
        "type": "Re",
        "payment_confirmed": false
    },
    "model": "haedrian.transaction",
    "pk": 62
},
{
    "fields": {
        "amount_local_currency": "USD",
        "group": 33,
        "sender": 5,
        "date_modified": "2015-08-06T23:42:39.457Z",
        "amount_btc_currency": "BTC",
        "sent_payment_id": "0d75b60dd5194b7588f5117b1d9bf81b",
        "mifos_confirmed": true,
        "amount_btc": "0.0708365800099171",
        "receiver": 4,
        "amount_local": "20.0000000000000000",
        "type": "Re",
        "payment_confirmed": false
    },
    "model": "haedrian.transaction",
    "pk": 63
},
{
    "fields": {
        "amount_local_currency": "USD",
        "group": 33,
        "sender": 1,
        "date_modified": "2015-08-06T23:49:27.949Z",
        "amount_btc_currency": "BTC",
        "sent_payment_id": "0d75b60dd5194b7588f5117b1d9bf81b",
        "mifos_confirmed": true,
        "amount_btc": "0.1062548700148760",
        "receiver": 4,
        "amount_local": "30.0000000000000000",
        "type": "Re",
        "payment_confirmed": false
    },
    "model": "haedrian.transaction",
    "pk": 64
},
{
    "fields": {
        "sell": "13034.0000000000",
        "buy": "13188.0000000000",
        "code_from": "PHP",
        "code_to": "BTC",
        "provider": "CoinsPH API",
        "date": "2015-07-31T17:21:11.065Z"
    },
    "model": "haedrian.exchangerates",
    "pk": 1
},
{
    "fields": {
        "sell": "0.0000758265",
        "buy": "0.0000767224",
        "code_from": "BTC",
        "code_to": "PHP",
        "provider": "CoinsPH API",
        "date": "2015-07-31T17:21:11.179Z"
    },
    "model": "haedrian.exchangerates",
    "pk": 2
},
{
    "fields": {
        "sell": "281.9700000000",
        "buy": "287.6100000000",
        "code_from": "USD",
        "code_to": "BTC",
        "provider": "CoinsPH API",
        "date": "2015-07-31T17:21:11.288Z"
    },
    "model": "haedrian.exchangerates",
    "pk": 3
},
{
    "fields": {
        "sell": "0.0034769306",
        "buy": "0.0035464766",
        "code_from": "BTC",
        "code_to": "USD",
        "provider": "CoinsPH API",
        "date": "2015-07-31T17:21:11.397Z"
    },
    "model": "haedrian.exchangerates",
    "pk": 4
},
{
    "fields": {
        "sell": "0.0219000000",
        "buy": "0.0219000000",
        "code_from": "PHP",
        "code_to": "USD",
        "provider": "Yahoo (YML)",
        "date": "2015-07-31T17:21:11.894Z"
    },
    "model": "haedrian.exchangerates",
    "pk": 5
},
{
    "fields": {
        "sell": "0.0001000000",
        "buy": "0.0001000000",
        "code_from": "PHP",
        "code_to": "BTC",
        "provider": "Yahoo (YML)",
        "date": "2015-07-31T17:21:12.006Z"
    },
    "model": "haedrian.exchangerates",
    "pk": 6
},
{
    "fields": {
        "sell": "45.6505000000",
        "buy": "45.7360000000",
        "code_from": "USD",
        "code_to": "PHP",
        "provider": "Yahoo (YML)",
        "date": "2015-07-31T17:21:12.123Z"
    },
    "model": "haedrian.exchangerates",
    "pk": 7
},
{
    "fields": {
        "sell": "0.0035000000",
        "buy": "0.0035000000",
        "code_from": "USD",
        "code_to": "BTC",
        "provider": "Yahoo (YML)",
        "date": "2015-07-31T17:21:12.257Z"
    },
    "model": "haedrian.exchangerates",
    "pk": 8
},
{
    "fields": {
        "sell": "12998.4346000000",
        "buy": "12984.4395000000",
        "code_from": "BTC",
        "code_to": "PHP",
        "provider": "Yahoo (YML)",
        "date": "2015-07-31T17:21:12.376Z"
    },
    "model": "haedrian.exchangerates",
    "pk": 9
},
{
    "fields": {
        "sell": "0E-10",
        "buy": "0E-10",
        "code_from": "BTC",
        "code_to": "USD",
        "provider": "Yahoo (YML)",
        "date": "2015-07-31T17:21:12.485Z"
    },
    "model": "haedrian.exchangerates",
    "pk": 10
},
{
    "fields": {
        "sell": "13054.0000000000",
        "buy": "13209.0000000000",
        "code_from": "PHP",
        "code_to": "BTC",
        "provider": "CoinsPH API",
        "date": "2015-07-31T17:51:06.399Z"
    },
    "model": "haedrian.exchangerates",
    "pk": 11
},
{
    "fields": {
        "sell": "0.0000757060",
        "buy": "0.0000766049",
        "code_from": "BTC",
        "code_to": "PHP",
        "provider": "CoinsPH API",
        "date": "2015-07-31T17:51:06.514Z"
    },
    "model": "haedrian.exchangerates",
    "pk": 12
},
{
    "fields": {
        "sell": "282.4200000000",
        "buy": "288.0700000000",
        "code_from": "USD",
        "code_to": "BTC",
        "provider": "CoinsPH API",
        "date": "2015-07-31T17:51:06.698Z"
    },
    "model": "haedrian.exchangerates",
    "pk": 13
},
{
    "fields": {
        "sell": "0.0034713785",
        "buy": "0.0035408257",
        "code_from": "BTC",
        "code_to": "USD",
        "provider": "CoinsPH API",
        "date": "2015-07-31T17:51:06.815Z"
    },
    "model": "haedrian.exchangerates",
    "pk": 14
},
{
    "fields": {
        "sell": "0.0218000000",
        "buy": "0.0220000000",
        "code_from": "PHP",
        "code_to": "USD",
        "provider": "Yahoo (YML)",
        "date": "2015-07-31T17:51:07.337Z"
    },
    "model": "haedrian.exchangerates",
    "pk": 15
},
{
    "fields": {
        "sell": "0.0001000000",
        "buy": "0.0001000000",
        "code_from": "PHP",
        "code_to": "BTC",
        "provider": "Yahoo (YML)",
        "date": "2015-07-31T17:51:07.475Z"
    },
    "model": "haedrian.exchangerates",
    "pk": 16
},
{
    "fields": {
        "sell": "45.6615000000",
        "buy": "45.7980000000",
        "code_from": "USD",
        "code_to": "PHP",
        "provider": "Yahoo (YML)",
        "date": "2015-07-31T17:51:07.608Z"
    },
    "model": "haedrian.exchangerates",
    "pk": 17
},
{
    "fields": {
        "sell": "0.0035000000",
        "buy": "0.0035000000",
        "code_from": "USD",
        "code_to": "BTC",
        "provider": "Yahoo (YML)",
        "date": "2015-07-31T17:51:07.717Z"
    },
    "model": "haedrian.exchangerates",
    "pk": 18
},
{
    "fields": {
        "sell": "13042.4160000000",
        "buy": "13040.0615000000",
        "code_from": "BTC",
        "code_to": "PHP",
        "provider": "Yahoo (YML)",
        "date": "2015-07-31T17:51:07.826Z"
    },
    "model": "haedrian.exchangerates",
    "pk": 19
},
{
    "fields": {
        "sell": "0E-10",
        "buy": "0E-10",
        "code_from": "BTC",
        "code_to": "USD",
        "provider": "Yahoo (YML)",
        "date": "2015-07-31T17:51:07.943Z"
    },
    "model": "haedrian.exchangerates",
    "pk": 20
},
{
    "fields": {
        "sell": "13062.0000000000",
        "buy": "13217.0000000000",
        "code_from": "PHP",
        "code_to": "BTC",
        "provider": "CoinsPH API",
        "date": "2015-07-31T18:21:09.426Z"
    },
    "model": "haedrian.exchangerates",
    "pk": 21
},
{
    "fields": {
        "sell": "0.0000756601",
        "buy": "0.0000765580",
        "code_from": "BTC",
        "code_to": "PHP",
        "provider": "CoinsPH API",
        "date": "2015-07-31T18:21:09.538Z"
    },
    "model": "haedrian.exchangerates",
    "pk": 22
},
{
    "fields": {
        "sell": "282.3400000000",
        "buy": "287.9900000000",
        "code_from": "USD",
        "code_to": "BTC",
        "provider": "CoinsPH API",
        "date": "2015-07-31T18:21:09.647Z"
    },
    "model": "haedrian.exchangerates",
    "pk": 23
},
{
    "fields": {
        "sell": "0.0034723428",
        "buy": "0.0035418290",
        "code_from": "BTC",
        "code_to": "USD",
        "provider": "CoinsPH API",
        "date": "2015-07-31T18:21:09.756Z"
    },
    "model": "haedrian.exchangerates",
    "pk": 24
},
{
    "fields": {
        "sell": "0.0219000000",
        "buy": "0.0219000000",
        "code_from": "PHP",
        "code_to": "USD",
        "provider": "Yahoo (YML)",
        "date": "2015-07-31T18:21:11.132Z"
    },
    "model": "haedrian.exchangerates",
    "pk": 25
},
{
    "fields": {
        "sell": "0.0001000000",
        "buy": "0.0001000000",
        "code_from": "PHP",
        "code_to": "BTC",
        "provider": "Yahoo (YML)",
        "date": "2015-07-31T18:21:11.248Z"
    },
    "model": "haedrian.exchangerates",
    "pk": 26
},
{
    "fields": {
        "sell": "45.6150000000",
        "buy": "45.6300000000",
        "code_from": "USD",
        "code_to": "PHP",
        "provider": "Yahoo (YML)",
        "date": "2015-07-31T18:21:11.365Z"
    },
    "model": "haedrian.exchangerates",
    "pk": 27
},
{
    "fields": {
        "sell": "0.0035000000",
        "buy": "0.0035000000",
        "code_from": "USD",
        "code_to": "BTC",
        "provider": "Yahoo (YML)",
        "date": "2015-07-31T18:21:11.483Z"
    },
    "model": "haedrian.exchangerates",
    "pk": 28
},
{
    "fields": {
        "sell": "13032.8574000000",
        "buy": "12973.5361000000",
        "code_from": "BTC",
        "code_to": "PHP",
        "provider": "Yahoo (YML)",
        "date": "2015-07-31T18:21:11.592Z"
    },
    "model": "haedrian.exchangerates",
    "pk": 29
},
{
    "fields": {
        "sell": "0E-10",
        "buy": "0E-10",
        "code_from": "BTC",
        "code_to": "USD",
        "provider": "Yahoo (YML)",
        "date": "2015-07-31T18:21:11.710Z"
    },
    "model": "haedrian.exchangerates",
    "pk": 30
}
]
